624,624,624,624,624,624,624,624,624,624,624,624,624,624,624,624,624,624,624,624,624,624,624,484,50,54,55,19,37,23,20,51,18,2,22,37,35,17,39,37,16,4,52,6,2,23,20,32,19,33,37,55,53,32,54,6,17,51,6,51,34,0,21,50,20,51,39,36,17,35,48,39,48,5,18,21,51,35,18,50,34,33,484,624,624,624,624,624,624,624,624,624,624,624,624,624,624,624,624,624
624,624,624,624,624,624,624,624,624,624,624,624,624,624,624,624,624,624,624,624,624,624,624,500,484,1,5,6,52,53,3,25,25,25,25,33,53,49,53,6,53,18,7,33,2,54,36,37,18,25,25,25,25,25,25,23,5,48,7,35,4,50,34,7,17,18,52,0,6,52,32,22,49,25,25,6,51,1,52,34,34,484,500,624,624,624,624,624,624,624,624,624,624,624,624,624,624,624,624,624
624,624,624,624,624,624,624,624,624,624,624,624,624,624,624,624,624,624,624,624,624,624,624,624,500,484,484,4,37,23,22,53,22,36,25,25,33,54,0,52,16,38,37,18,54,54,25,25,25,25,17,53,4,51,34,3,51,51,20,23,18,25,25,25,54,4,51,54,51,55,1,48,2,25,25,50,5,20,50,33,484,500,624,624,624,624,624,624,624,624,624,624,624,624,624,624,624,624,624,624
624,624,624,624,624,624,624,624,624,624,624,624,624,624,624,624,624,624,624,624,624,624,624,624,624,500,500,51,22,17,5,1,7,33,54,25,25,25,23,54,23,32,38,25,20,16,5,36,20,0,33,33,16,22,55,25,32,6,20,25,25,25,23,50,38,3,52,35,37,36,39,25,25,25,1,32,5,5,484,484,500,624,624,624,624,624,624,624,624,624,624,624,624,624,624,624,624,624,624,624
624,624,624,624,624,624,624,624,624,624,624,624,624,624,624,624,624,624,624,624,624,624,624,624,624,624,624,484,484,6,19,5,38,54,53,38,36,51,36,7,55,25,25,25,3,49,6,6,52,2,37,16,51,25,25,25,3,0,7,25,18,50,7,54,4,17,32,36,18,54,25,25,52,55,53,54,23,484,500,500,624,624,624,624,624,624,624,624,624,624,624,624,624,624,624,624,624,624,624,624
624,624,624,624,624,624,624,624,624,624,624,624,624,624,624,624,624,624,624,624,624,624,624,624,624,624,624,500,500,484,52,19,25,25,16,4,4,37,2,55,25,25,39,5,4,38,32,55,54,2,53,7,22,25,23,48,17,17,25,25,50,16,7,18,22,4,37,19,54,25,25,17,4,7,35,484,484,500,624,624,624,624,624,624,624,624,624,624,624,624,624,624,624,624,624,624,624,624,624,624
624,624,624,624,624,624,624,624,624,624,624,624,624,624,624,624,624,624,624,624,624,624,624,624,624,624,624,624,624,500,484,1,54,25,25,23,3,22,25,25,32,3,38,21,2,21,22,37,21,39,34,51,51,25,23,36,21,25,25,17,34,36,6,2,16,4,34,17,20,2,23,50,37,21,484,500,500,624,624,624,624,624,624,624,624,624,624,624,624,624,624,624,624,624,624,624,624,624,624,624
624,624,624,624,624,624,624,624,624,624,624,624,624,624,624,624,624,624,624,624,624,624,624,624,624,624,624,624,624,624,500,484,484,20,52,25,25,25,25,25,25,25,25,25,25,53,25,25,25,25,25,25,25,25,25,25,25,25,25,25,25,25,25,25,25,25,20,25,25,25,25,18,2,484,500,624,624,624,624,624,624,624,624,624,624,624,624,624,624,624,624,624,624,624,624,624,624,624,624,624
624,624,624,624,624,624,624,624,624,624,624,624,624,624,624,624,624,624,624,624,624,624,624,624,624,624,624,624,624,624,624,500,500,484,484,25,25,25,25,25,25,25,25,25,25,25,25,25,25,25,25,25,7,39,20,25,25,25,25,25,25,25,25,25,25,25,25,25,25,25,25,48,39,500,624,624,624,624,624,624,624,624,624,624,624,624,624,624,624,624,624,624,624,624,624,624,624,624,624,624
624,624,624,624,624,624,624,624,624,624,624,624,624,624,624,624,624,624,624,624,624,624,624,624,624,624,624,624,624,624,624,624,624,500,500,25,25,6,25,25,25,5,25,25,25,25,25,25,25,25,23,53,55,54,37,4,25,25,25,25,25,25,20,25,25,25,25,25,6,25,25,484,484,624,624,624,624,624,624,624,624,624,624,624,624,624,624,624,624,624,624,624,624,624,624,624,624,624,624,624
624,624,624,624,624,624,624,624,624,624,624,624,624,624,624,624,624,624,624,624,624,624,624,624,624,624,624,624,624,624,624,624,624,624,624,481,482,483,484,481,482,483,486,481,482,483,484,481,482,486,484,532,532,533,533,481,482,483,529,530,482,483,484,481,482,483,486,481,482,483,484,500,500,624,624,624,624,624,624,624,624,624,624,624,624,624,624,624,624,624,624,624,624,624,624,624,624,624,624,624
624,624,624,624,624,624,624,624,624,624,624,624,624,624,624,624,624,624,624,624,624,624,624,624,624,624,624,624,624,624,624,624,624,624,624,497,498,499,500,497,498,499,502,497,498,499,500,497,498,502,500,548,548,549,549,497,498,499,545,546,498,499,500,497,498,499,502,497,498,499,500,624,624,624,624,624,624,624,624,624,624,624,624,624,624,624,624,624,624,624,624,624,624,624,624,624,624,624,624,624
624,624,624,624,624,624,624,624,624,624,624,624,624,624,624,624,624,624,624,624,624,624,624,624,624,624,624,624,624,624,624,624,624,624,624,481,482,483,484,486,482,483,529,530,482,483,486,481,482,483,484,532,532,533,533,481,482,486,484,482,483,483,486,481,482,529,530,481,532,533,484,624,624,624,624,624,624,624,624,624,624,624,624,624,624,624,624,624,624,624,624,624,624,624,624,624,624,624,624,624
624,624,624,624,624,624,624,624,624,624,624,624,624,624,624,624,624,624,624,624,624,624,624,624,624,624,624,624,624,624,624,624,624,624,624,497,498,499,500,502,498,499,545,546,498,499,502,497,498,499,500,548,548,549,549,497,498,502,500,498,499,499,502,497,498,545,546,497,548,549,500,624,624,624,624,624,624,624,624,624,624,624,624,624,624,624,624,624,624,624,624,624,624,624,624,624,624,624,624,624
624,624,624,624,624,624,624,624,624,624,624,624,624,624,624,624,624,624,624,624,624,624,624,624,624,624,624,624,624,624,624,624,624,624,624,624,624,624,624,624,624,624,624,624,624,624,624,624,624,624,624,24,50,33,10,624,624,624,624,624,624,624,624,624,624,624,624,624,624,624,624,624,624,624,624,624,624,624,624,624,624,624,624,624,624,624,624,624,624,624,624,624,624,624,624,624,624,624,624,624
624,624,624,624,624,624,624,624,624,624,624,624,624,624,624,624,624,624,624,624,624,624,624,624,624,624,624,624,624,624,624,624,624,624,624,624,624,624,624,624,624,624,624,624,624,624,624,624,624,624,624,24,50,6,25,10,624,624,624,624,624,624,624,624,624,624,624,624,624,624,624,624,624,624,624,624,624,624,624,624,624,624,624,624,624,624,624,624,624,624,624,624,624,624,624,624,624,624,624,624
624,624,624,624,624,624,624,624,624,624,624,624,624,624,624,624,624,624,624,624,624,624,624,624,624,624,624,624,624,624,624,624,624,624,624,624,624,624,624,624,624,624,624,624,624,624,624,624,624,624,624,24,52,18,32,26,624,624,624,624,624,624,624,624,624,624,624,624,624,624,624,624,624,624,624,624,624,624,624,624,624,624,624,624,624,624,624,624,624,624,624,624,624,624,624,624,624,624,624,624
624,624,624,624,624,624,624,624,624,624,624,624,624,624,624,624,624,624,624,624,624,624,624,624,624,624,624,624,624,624,624,624,624,624,624,624,624,624,624,624,624,624,624,624,624,624,624,624,624,624,8,25,49,23,16,25,10,624,624,624,624,624,624,624,624,624,624,624,624,624,624,624,624,624,624,624,624,624,624,624,624,624,624,624,624,624,624,624,624,624,624,624,624,624,624,624,624,624,624,624
624,624,624,624,624,624,624,624,624,624,624,624,624,624,624,624,624,624,624,624,624,624,624,624,624,624,624,624,624,624,624,624,624,624,624,624,624,624,624,624,624,624,624,624,624,624,624,624,481,482,483,484,484,5,481,481,482,483,484,624,624,624,624,624,624,624,624,624,624,624,624,624,624,624,624,624,624,624,624,624,624,624,624,624,624,624,624,624,624,624,624,624,624,624,624,624,624,624,624,624
624,624,624,624,624,624,624,624,624,624,624,624,624,624,624,624,624,624,624,624,624,624,624,624,624,624,624,624,624,624,624,624,624,624,624,624,624,624,624,624,624,624,624,624,624,624,624,624,497,498,499,500,500,4,497,497,498,499,500,624,624,624,624,624,624,624,624,624,624,624,624,624,624,624,624,624,624,624,624,624,624,624,624,624,624,624,624,624,624,624,624,624,624,624,624,624,624,624,624,624
624,624,624,624,624,624,624,624,624,624,624,624,624,624,624,624,624,624,624,624,624,624,624,624,624,624,624,624,624,624,624,624,624,624,624,624,624,624,624,624,624,624,624,624,624,624,624,8,25,53,18,33,20,53,20,33,51,19,26,624,624,624,624,624,624,624,624,624,624,624,624,624,624,624,624,624,624,624,624,624,624,624,624,624,624,624,624,624,624,624,624,624,624,624,624,624,624,624,624,624
624,624,624,624,624,624,624,624,624,624,624,624,624,624,624,624,624,624,624,624,624,624,624,624,624,624,624,624,624,624,624,624,624,624,624,624,624,624,624,624,624,624,624,624,624,624,8,25,22,32,1,4,32,35,4,36,35,23,25,10,624,624,624,624,624,624,624,624,624,624,624,624,624,624,624,624,624,624,624,624,624,624,624,624,624,624,624,624,624,624,624,624,624,624,624,624,624,624,624,624
624,624,624,624,624,624,624,624,624,624,624,624,624,624,624,624,624,624,624,624,624,624,624,624,624,624,624,624,624,624,624,624,624,624,624,624,624,624,624,624,624,624,624,624,8,9,25,18,33,19,3,22,6,7,18,48,7,49,53,25,9,10,624,624,624,624,624,624,624,624,624,624,624,624,624,624,624,624,624,624,624,624,624,624,624,624,624,624,624,624,624,624,624,624,624,624,624,624,624,624
624,624,624,624,624,624,624,624,624,624,624,624,624,624,624,624,624,624,624,624,624,624,624,624,624,624,624,624,624,624,624,624,624,624,624,624,624,624,624,624,624,624,8,9,25,0,39,32,52,20,50,2,25,48,23,21,49,23,36,6,35,25,9,10,624,624,624,624,624,624,624,624,624,624,624,624,624,624,624,624,624,624,624,624,624,624,624,624,624,624,624,624,624,624,624,624,624,624,624,624
624,624,624,624,624,624,624,624,624,624,624,624,624,624,624,624,624,624,624,624,624,624,624,624,624,624,624,624,624,624,624,624,624,624,624,624,624,8,9,9,9,9,25,54,55,6,17,35,1,32,25,41,41,41,25,7,32,5,54,37,52,23,38,25,9,9,9,9,10,624,624,624,624,624,624,624,624,624,624,624,624,624,624,624,624,624,624,624,624,624,624,624,624,624,624,624,624,624,624,624
624,624,624,624,624,624,624,624,624,624,624,624,624,624,624,624,624,624,624,624,624,624,624,624,624,624,624,624,624,624,624,624,624,624,624,624,8,25,34,7,16,16,39,55,55,33,36,39,19,17,26,624,624,624,40,41,41,25,23,20,55,17,22,48,32,4,50,48,25,10,624,624,624,624,624,624,624,624,624,624,624,624,624,624,624,624,624,624,624,624,624,624,624,624,624,624,624,624,624,624
624,624,624,624,624,624,624,624,624,624,624,624,624,624,624,624,624,624,624,624,624,624,624,624,624,624,624,624,624,624,624,624,624,624,624,624,24,39,4,49,22,52,18,32,39,1,3,41,41,41,42,624,624,624,624,624,624,40,41,41,23,6,39,5,3,18,6,16,36,25,10,624,624,624,624,624,624,624,624,624,624,624,624,624,624,624,624,624,624,624,624,624,624,624,624,624,624,624,624,624
624,624,624,624,624,624,624,624,624,624,624,624,624,624,624,624,624,624,624,624,624,624,624,624,624,624,624,624,624,624,624,624,624,624,624,8,25,25,25,25,25,36,17,5,21,33,37,37,4,2,9,9,9,9,9,9,9,9,4,19,17,35,19,19,21,19,25,25,25,25,26,624,624,624,624,624,624,624,624,624,624,624,624,624,624,624,624,624,624,624,624,624,624,624,624,624,624,624,624,624
624,624,624,624,624,624,624,624,624,624,624,624,624,624,624,624,624,624,624,624,624,624,624,624,624,624,624,624,624,624,624,624,624,624,624,24,25,25,25,25,25,25,25,25,35,34,34,20,19,25,25,25,25,25,25,25,25,25,25,4,20,33,5,25,25,25,25,25,25,25,26,624,624,624,624,624,624,624,624,624,624,624,624,624,624,624,624,624,624,624,624,624,624,624,624,624,624,624,624,624
624,624,624,624,624,624,624,624,624,624,624,624,624,624,624,624,624,624,624,624,624,624,624,624,624,624,624,624,624,624,624,624,624,624,624,24,25,25,25,25,25,25,25,25,25,25,25,25,25,25,25,25,25,25,25,25,25,25,25,25,25,25,25,25,25,25,25,25,25,25,26,624,624,624,624,624,624,624,624,624,624,624,624,624,624,624,624,624,624,624,624,624,624,624,624,624,624,624,624,624
624,624,624,624,624,624,624,624,624,624,624,624,624,624,624,624,624,624,624,624,624,624,624,624,624,624,624,624,624,624,624,624,624,624,624,24,25,25,25,25,25,25,25,25,25,25,25,25,25,25,25,25,25,25,25,25,25,25,25,25,25,25,25,25,25,25,25,25,25,25,26,624,624,624,624,624,624,624,624,624,624,624,624,624,624,624,624,624,624,624,624,624,624,624,624,624,624,624,624,624
624,624,624,624,624,624,624,624,624,624,624,624,624,624,624,624,624,624,624,624,624,624,624,624,624,624,624,624,624,624,624,624,624,624,624,24,25,25,25,25,25,25,25,25,25,25,25,25,25,25,25,25,25,25,25,25,25,25,25,25,25,25,25,25,25,25,25,25,25,25,26,624,624,624,624,624,624,624,624,624,624,624,624,624,624,624,624,624,624,624,624,624,624,624,624,624,624,624,624,624
624,624,624,624,624,624,624,624,624,624,624,624,624,624,624,624,624,624,624,624,624,624,624,624,624,624,624,624,624,624,624,624,624,624,624,24,25,25,25,25,25,25,25,25,25,25,25,25,25,25,25,25,25,25,25,25,25,25,25,25,25,25,25,25,25,25,25,25,25,25,26,624,624,624,624,624,624,624,624,624,624,624,624,624,624,624,624,624,624,624,624,624,624,624,624,624,624,624,624,624
624,624,624,624,624,624,624,624,624,624,624,624,624,624,624,624,624,624,624,624,624,624,624,624,624,624,624,624,624,624,624,624,624,624,624,24,25,25,25,25,25,25,25,25,25,25,25,25,25,25,25,25,25,25,25,25,25,25,25,25,25,25,25,25,25,25,25,25,25,25,26,624,624,624,624,624,624,624,624,624,624,624,624,624,624,624,624,624,624,624,624,624,624,624,624,624,624,624,624,624
624,624,624,624,624,624,624,624,624,624,624,624,624,624,624,624,624,624,624,624,624,624,624,624,624,624,624,624,624,624,624,624,624,624,624,24,25,25,25,25,25,25,25,25,25,25,25,25,25,25,25,25,25,25,25,25,25,25,25,25,25,25,25,25,25,25,25,25,25,25,26,624,624,624,624,624,624,624,624,624,624,624,624,624,624,624,624,624,624,624,624,624,624,624,624,624,624,624,624,624
624,624,624,624,624,624,624,624,624,624,624,624,624,624,624,624,624,624,624,624,624,624,624,624,624,624,624,624,624,624,624,624,624,624,624,24,25,25,25,25,25,25,25,25,25,25,25,25,25,41,41,41,41,41,41,41,41,25,25,25,25,25,25,25,25,25,25,25,25,25,26,624,624,624,624,624,624,624,624,624,624,624,624,624,624,624,624,624,624,624,624,624,624,624,624,624,624,624,624,624
624,624,624,624,624,624,624,624,624,624,624,624,624,624,624,624,624,624,624,624,624,624,624,624,624,624,624,624,624,624,624,624,624,624,624,24,25,25,25,25,25,25,25,25,25,25,25,41,42,5,54,37,53,38,37,22,5,40,41,25,25,25,25,25,25,25,25,25,25,25,26,624,624,624,624,624,624,624,624,624,624,624,624,624,624,624,624,624,624,624,624,624,624,624,624,624,624,624,624,624
624,624,624,624,624,624,624,624,624,624,624,624,624,624,624,624,624,624,624,624,624,624,624,624,624,624,624,624,624,624,624,624,624,624,624,24,25,25,25,25,25,25,25,25,25,25,42,4,52,53,5,37,145,146,5,38,7,23,6,40,25,25,25,25,25,25,25,25,25,25,26,624,624,624,624,624,624,624,624,624,624,624,624,624,624,624,624,624,624,624,624,624,624,624,624,624,624,624,624,624
624,624,624,624,624,624,624,624,624,624,624,624,624,624,624,624,624,624,624,624,624,624,624,624,624,624,624,624,624,624,624,624,624,624,624,481,482,483,484,486,482,483,484,481,482,483,484,484,481,482,483,484,161,162,481,482,483,486,481,482,483,484,481,481,482,483,484,481,482,486,484,624,624,624,624,624,624,624,624,624,624,624,624,624,624,624,624,624,624,624,624,624,624,624,624,624,624,624,624,624
624,624,624,624,624,624,624,624,624,624,624,624,624,624,624,624,624,624,624,624,624,624,624,624,624,624,624,624,624,624,624,624,624,624,624,497,498,499,500,502,498,499,500,497,498,499,500,500,497,498,499,500,161,162,497,498,499,502,497,498,499,500,497,497,498,499,500,497,498,502,500,624,624,624,624,624,624,624,624,624,624,624,624,624,624,624,624,624,624,624,624,624,624,624,624,624,624,624,624,624
624,624,624,624,624,624,624,624,624,624,624,624,624,624,624,624,624,624,624,624,624,624,624,624,624,624,624,624,624,624,624,624,624,624,624,624,624,624,624,624,624,624,624,624,624,624,17,18,18,34,17,33,164,165,18,33,18,33,17,34,18,624,624,624,624,624,624,624,624,624,624,624,624,624,624,624,624,624,624,624,624,624,624,624,624,624,624,624,624,624,624,624,624,624,624,624,624,624,624,624
624,624,624,624,624,624,624,624,624,624,624,624,624,624,624,624,624,624,624,624,624,624,624,624,624,624,624,624,624,624,624,624,624,624,624,624,624,624,624,624,624,624,624,624,624,624,624,624,624,624,18,34,180,181,34,18,34,34,33,624,624,624,624,624,624,624,624,624,624,624,624,624,624,624,624,624,624,624,624,624,624,624,624,624,624,624,624,624,624,624,624,624,624,624,624,624,624,624,624,624
624,624,624,624,624,624,624,624,624,624,624,624,624,624,624,624,624,624,624,624,624,624,624,624,624,624,624,624,624,624,624,624,624,624,624,624,624,624,624,624,624,624,624,624,624,624,624,624,624,624,624,624,24,26,624,18,18,624,624,624,624,624,624,624,624,624,624,624,624,624,624,624,624,624,624,624,624,624,624,624,624,624,624,624,624,624,624,624,624,624,624,624,624,624,624,624,624,624,624,624
624,624,624,624,624,624,624,624,624,624,624,624,624,624,624,624,624,624,624,624,624,624,624,624,624,624,624,624,624,624,624,624,624,624,624,624,624,624,624,624,624,624,624,624,624,624,624,624,624,624,624,624,24,26,624,624,624,624,624,624,624,624,624,624,624,624,624,624,624,624,624,624,624,624,624,624,624,624,624,624,624,624,624,624,624,624,624,624,624,624,624,624,624,624,624,624,624,624,624,624
624,624,624,624,624,624,624,624,624,624,624,624,624,624,624,624,624,624,624,624,624,624,624,624,624,624,624,624,624,624,624,624,624,624,624,624,624,624,624,624,624,624,624,624,624,624,624,624,624,624,624,624,24,26,624,624,624,624,624,624,624,624,624,624,624,624,624,624,624,624,624,624,624,624,624,624,624,624,624,624,624,624,624,624,624,624,624,624,624,624,624,624,624,624,624,624,624,624,624,624
624,624,624,624,624,624,624,624,624,624,624,624,624,624,624,624,624,624,624,624,624,624,624,624,624,624,624,624,624,624,624,624,624,624,624,624,624,624,624,624,624,624,624,624,624,624,624,624,624,624,624,624,24,26,624,624,624,624,624,624,624,624,624,624,624,624,624,624,624,624,624,624,624,624,624,624,624,624,624,624,624,624,624,624,624,624,624,624,624,624,624,624,624,624,624,624,624,624,624,624
624,624,624,624,624,624,624,624,624,624,624,624,624,624,624,624,624,624,624,624,624,624,624,624,624,624,624,624,624,624,624,624,624,624,624,624,624,624,624,624,624,624,624,624,624,624,624,624,624,624,624,624,24,26,624,624,624,624,624,624,624,624,624,624,624,624,624,624,624,624,624,624,624,624,624,624,624,624,624,624,624,624,624,624,624,624,624,624,624,624,624,624,624,624,624,624,624,624,624,624
624,624,624,624,624,624,624,624,624,624,624,624,624,624,624,624,624,624,624,624,624,624,624,624,624,624,624,624,624,624,624,624,624,624,624,624,624,624,624,624,624,624,624,624,624,624,624,624,624,624,624,624,40,42,624,624,624,624,624,624,624,624,624,624,624,624,624,624,624,624,624,624,624,624,624,624,624,624,624,624,624,624,624,624,624,624,624,624,624,624,624,624,624,624,624,624,624,624,624,624
624,624,624,624,624,624,624,624,624,624,624,624,624,624,624,624,624,624,624,624,624,624,624,624,624,624,624,624,624,624,624,624,624,624,624,624,624,624,624,624,624,624,624,624,624,624,624,35,50,2,0,35,97,65,18,17,0,33,624,624,624,624,624,624,624,624,624,624,624,624,624,624,624,624,624,624,624,624,624,624,624,624,624,624,624,624,624,624,624,624,624,624,624,624,624,624,624,624,624,624
624,624,624,624,624,624,624,624,624,624,624,624,624,624,624,624,624,624,624,624,624,624,624,624,624,624,624,624,624,624,624,624,624,624,624,624,624,624,624,624,624,624,624,32,49,32,48,33,0,2,48,49,96,64,19,33,51,32,51,19,19,33,33,35,624,624,624,624,624,624,624,624,624,624,624,624,624,624,624,624,624,624,624,624,624,624,624,624,624,624,624,624,624,624,624,624,624,624,624,624
624,624,624,624,624,624,624,624,624,624,624,624,624,624,624,624,624,624,624,624,624,624,624,624,624,624,624,624,624,624,624,624,624,624,624,624,624,624,624,48,19,16,50,35,18,1,34,1,16,48,34,51,65,81,17,50,18,3,1,2,35,50,34,49,0,16,48,50,624,624,624,624,624,624,624,624,624,624,624,624,624,624,624,624,624,624,624,624,624,624,624,624,624,624,624,624,624,624,624,624
624,624,624,624,624,624,624,624,624,624,624,624,624,624,624,624,624,624,624,624,624,624,624,624,624,624,624,624,624,624,624,624,624,624,624,34,33,1,17,32,48,50,48,35,17,50,35,49,50,50,32,18,81,97,48,50,19,18,16,48,18,32,16,1,19,19,18,17,1,0,19,0,624,624,624,624,624,624,624,624,624,624,624,624,624,624,624,624,624,624,624,624,624,624,624,624,624,624,624,624
624,624,624,624,624,624,624,624,624,624,624,624,624,624,624,624,624,624,624,624,624,624,624,624,624,624,624,624,624,624,624,624,51,33,48,19,51,32,32,0,0,3,0,17,2,48,34,33,1,32,34,18,80,65,48,50,0,33,1,17,16,0,51,0,33,1,33,35,49,18,3,16,33,3,624,624,624,624,624,624,624,624,624,624,624,624,624,624,624,624,624,624,624,624,624,624,624,624,624,624
624,624,624,624,624,624,624,624,624,624,624,624,624,624,624,624,624,624,624,624,624,624,624,624,624,624,624,624,18,49,32,1,16,32,16,49,34,0,51,32,1,35,33,49,34,35,2,17,33,19,34,17,80,81,1,33,32,35,49,49,48,33,17,19,34,1,32,17,51,51,0,19,3,32,16,50,624,624,624,624,624,624,624,624,624,624,624,624,624,624,624,624,624,624,624,624,624,624,624,624
624,624,624,624,624,624,624,624,624,624,624,624,624,624,624,624,624,624,624,624,624,624,624,624,624,624,19,18,34,0,33,48,2,48,48,49,51,1,35,18,34,50,51,33,16,18,18,3,32,51,17,1,96,96,32,1,48,34,51,34,3,2,34,1,19,34,18,34,49,34,19,35,2,16,33,49,16,624,624,624,624,624,624,624,624,624,624,624,624,624,624,624,624,624,624,624,624,624,624,624
624,624,624,624,624,624,624,624,624,624,624,624,624,624,624,624,624,624,624,624,624,624,624,624,624,33,34,34,48,35,33,49,2,32,3,49,50,3,1,32,50,19,50,19,49,32,32,50,0,34,50,2,97,81,33,32,21,19,17,1,33,51,51,18,0,51,19,32,34,2,51,17,50,18,49,50,49,35,32,624,624,624,624,624,624,624,624,624,624,624,624,624,624,624,624,624,624,624,624,624
624,624,624,624,624,624,624,624,624,624,624,624,624,624,624,624,624,624,624,624,624,624,624,624,17,32,50,52,52,53,1,33,35,2,17,19,1,3,48,49,19,32,51,35,3,50,50,19,33,16,19,49,97,96,19,2,6,1,19,18,3,16,48,2,3,51,1,35,2,50,35,32,34,0,16,33,50,19,35,624,624,624,624,624,624,624,624,624,624,624,624,624,624,624,624,624,624,624,624,624
624,624,624,624,624,624,624,624,624,624,624,624,624,624,624,624,624,624,624,624,624,624,624,51,34,32,16,36,38,20,32,16,32,32,2,50,32,50,16,0,18,17,50,0,18,34,32,49,16,19,51,81,96,80,2,35,23,3,49,32,2,33,49,3,16,18,19,0,16,35,34,2,0,35,49,16,18,18,0,35,624,624,624,624,624,624,624,624,624,624,624,624,624,624,624,624,624,624,624,624
624,624,624,624,624,624,624,624,624,624,624,624,624,624,624,624,624,624,624,624,624,624,2,51,0,52,39,52,38,3,35,19,1,18,18,1,34,3,17,0,51,3,51,17,19,34,38,23,51,3,19,97,81,65,35,19,6,37,34,35,1,19,51,35,0,51,50,19,18,49,49,17,34,49,0,32,17,80,97,2,19,624,624,624,624,624,624,624,624,624,624,624,624,624,624,624,624,624,624,624
624,624,624,624,624,624,624,624,624,624,624,624,624,624,624,624,624,624,624,624,624,624,50,16,7,39,52,4,51,2,2,19,17,3,35,19,1,3,3,19,35,49,34,35,23,7,53,2,35,2,17,81,64,97,1,0,34,55,55,0,35,34,48,16,16,17,35,3,51,32,50,49,32,35,1,3,1,80,65,97,35,3,624,624,624,624,624,624,624,624,624,624,624,624,624,624,624,624,624,624
624,624,624,624,624,624,624,624,624,624,624,624,624,624,624,624,624,624,624,624,624,1,16,49,37,21,39,23,17,51,3,51,50,16,34,49,16,1,18,18,19,0,48,4,38,55,23,38,33,0,80,80,65,50,1,16,18,19,22,37,35,16,2,49,34,48,19,49,2,0,16,49,35,17,32,18,32,81,64,81,49,1,624,624,624,624,624,624,624,624,624,624,624,624,624,624,624,624,624,624
624,624,624,624,624,624,624,624,624,624,624,624,624,624,624,624,624,624,624,624,34,18,19,2,33,21,38,2,2,0,32,1,49,17,1,19,1,16,34,3,34,50,37,7,53,7,21,1,22,5,3,64,65,33,0,17,32,6,20,38,23,53,34,3,19,50,1,51,34,2,0,49,32,49,0,16,65,96,80,81,19,48,50,624,624,624,624,624,624,624,624,624,624,624,624,624,624,624,624,624
624,624,624,624,624,624,624,624,624,624,624,624,624,624,624,624,624,624,624,17,49,51,19,49,16,18,32,0,0,34,16,18,17,16,33,18,1,16,17,49,48,38,53,39,37,39,22,53,33,18,34,65,81,0,48,3,37,36,7,7,52,4,37,6,20,16,18,35,33,81,64,81,65,65,65,81,81,65,96,35,49,34,2,624,624,624,624,624,624,624,624,624,624,624,624,624,624,624,624,624
624,624,624,624,624,624,624,624,624,624,624,624,624,624,624,624,624,624,624,35,1,0,19,16,18,17,32,49,49,50,32,49,2,1,1,19,3,33,33,35,5,4,38,36,5,4,39,0,19,34,80,80,64,97,17,33,33,32,34,52,34,54,38,6,37,49,16,97,80,81,65,97,64,65,65,81,64,65,0,48,34,0,50,624,624,624,624,624,624,624,624,624,624,624,624,624,624,624,624,624
624,624,624,624,624,624,624,624,624,624,624,624,624,624,624,624,624,624,17,1,17,18,3,3,0,3,18,16,18,34,35,1,19,49,49,17,35,18,34,22,39,55,32,33,22,20,19,17,51,3,19,65,81,80,5,7,22,3,20,52,50,33,18,16,51,80,80,96,97,80,64,64,64,80,97,96,96,18,2,35,33,51,33,624,624,624,624,624,624,624,624,624,624,624,624,624,624,624,624,624
624,624,624,624,624,624,624,624,624,624,624,624,624,624,624,624,624,624,18,51,49,16,32,0,18,17,49,16,34,49,49,35,51,35,0,53,7,7,35,53,39,35,49,3,50,36,20,5,16,51,97,97,65,33,38,20,52,20,39,3,50,19,35,81,65,96,81,96,65,18,2,3,1,1,32,49,50,48,1,0,16,3,48,624,624,624,624,624,624,624,624,624,624,624,624,624,624,624,624,624
624,624,624,624,624,624,624,624,624,624,624,624,624,624,624,624,624,32,0,33,0,34,50,50,3,0,17,0,33,2,19,3,19,6,21,7,1,0,49,80,96,96,17,49,17,0,51,35,35,32,80,81,64,48,16,3,51,6,39,23,3,65,96,81,80,65,96,80,32,19,16,36,4,52,53,21,23,23,22,37,6,0,3,624,624,624,624,624,624,624,624,624,624,624,624,624,624,624,624,624
624,624,624,624,624,624,624,624,624,624,624,624,624,624,624,624,624,0,35,3,0,48,80,97,64,96,97,81,3,17,35,3,35,37,33,35,96,81,81,64,97,96,97,96,64,64,97,34,3,33,80,81,64,35,36,20,38,52,49,50,65,97,65,65,80,96,32,49,51,54,22,54,6,53,36,39,53,51,55,21,22,49,50,624,624,624,624,624,624,624,624,624,624,624,624,624,624,624,624,624
624,624,624,624,624,624,624,624,624,624,624,624,624,624,624,624,32,48,49,3,80,65,80,96,64,80,81,65,81,81,80,65,96,80,80,64,65,96,64,64,97,65,65,96,96,80,65,96,64,80,81,96,64,1,65,65,80,96,64,80,96,65,64,96,64,51,18,50,48,37,5,55,53,2,17,23,37,53,52,3,53,39,16,624,624,624,624,624,624,624,624,624,624,624,624,624,624,624,624,624
624,624,624,624,624,624,624,624,624,624,624,624,624,624,624,624,17,51,81,65,81,97,50,35,17,19,80,96,96,80,97,96,97,80,97,65,65,97,81,2,50,48,2,33,35,64,96,97,64,96,81,96,80,81,81,80,81,65,64,64,81,80,80,64,3,19,33,0,5,20,17,48,18,36,21,38,54,2,17,32,48,37,624,624,624,624,624,624,624,624,624,624,624,624,624,624,624,624,624,624
624,624,624,624,624,624,624,624,624,624,624,624,624,624,624,624,35,50,50,96,64,51,17,6,38,7,6,22,65,96,1,33,49,51,34,18,0,1,18,19,0,4,54,22,48,49,51,33,35,80,96,80,19,34,19,65,80,64,65,65,51,18,51,34,16,2,49,17,51,18,0,18,3,7,21,34,51,34,33,0,2,16,624,624,624,624,624,624,624,624,624,624,624,624,624,624,624,624,624,624
624,624,624,624,624,624,624,624,624,624,624,624,624,624,624,624,19,48,37,0,48,16,49,19,18,0,21,6,50,35,35,18,33,1,35,3,35,51,51,33,6,6,55,55,52,51,32,0,49,80,65,80,16,35,51,49,32,50,19,32,19,19,2,51,3,17,50,55,16,32,17,33,50,51,3,34,34,50,34,17,49,19,624,624,624,624,624,624,624,624,624,624,624,624,624,624,624,624,624,624
624,624,624,624,624,624,624,624,624,624,624,624,624,624,624,34,51,54,23,37,50,35,18,18,50,32,6,17,19,49,33,51,33,1,19,50,17,3,19,32,4,21,52,21,4,0,2,51,48,97,96,3,1,22,22,3,49,21,5,20,32,50,54,19,32,17,6,54,2,17,16,16,49,33,34,17,3,32,35,3,2,19,624,624,624,624,624,624,624,624,624,624,624,624,624,624,624,624,624,624
624,624,624,624,624,624,624,624,624,624,624,624,624,624,624,33,1,1,6,36,2,32,18,1,3,55,54,16,49,49,16,16,18,33,3,34,1,17,0,17,54,54,7,2,36,7,32,1,17,80,81,64,35,18,4,38,37,4,21,35,23,7,52,48,0,38,21,2,34,19,34,16,19,49,16,0,0,16,50,3,19,624,624,624,624,624,624,624,624,624,624,624,624,624,624,624,624,624,624,624
624,624,624,624,624,624,624,624,624,624,624,624,624,624,624,50,49,0,2,20,54,48,51,50,33,18,48,33,19,49,33,19,17,50,18,34,18,36,51,3,38,37,6,22,18,52,0,51,34,65,65,16,16,4,53,32,53,23,55,39,20,21,4,0,18,4,16,17,2,49,16,49,0,3,48,19,34,35,2,33,19,624,624,624,624,624,624,624,624,624,624,624,624,624,624,624,624,624,624,624
624,624,624,624,624,624,624,624,624,624,624,624,624,624,624,33,51,34,33,23,39,19,3,33,0,35,32,34,3,34,1,32,18,17,34,32,35,55,21,19,33,54,32,38,22,7,32,51,80,81,96,64,34,2,51,5,21,23,7,23,32,36,23,16,4,7,16,48,2,34,49,0,19,3,16,35,35,3,49,35,51,624,624,624,624,624,624,624,624,624,624,624,624,624,624,624,624,624,624,624
624,624,624,624,624,624,624,624,624,624,624,624,624,624,624,35,19,2,19,17,37,2,50,3,2,16,19,18,32,51,51,35,16,1,48,50,0,1,36,23,19,21,34,17,37,18,35,33,80,97,80,49,35,35,39,22,53,4,35,37,5,6,2,17,17,34,35,50,32,34,34,49,48,51,18,51,34,50,2,19,3,624,624,624,624,624,624,624,624,624,624,624,624,624,624,624,624,624,624,624
624,624,624,624,624,624,624,624,624,624,624,624,624,624,624,624,35,49,33,18,17,34,33,3,49,18,35,51,1,19,3,35,3,48,19,35,17,33,55,54,55,20,32,19,39,54,49,35,65,81,80,19,49,19,2,53,4,35,32,36,38,5,51,18,0,34,32,0,32,34,32,32,35,16,2,2,34,0,2,51,624,624,624,624,624,624,624,624,624,624,624,624,624,624,624,624,624,624,624,624
624,624,624,624,624,624,624,624,624,624,624,624,624,624,624,624,624,51,48,3,17,51,16,2,1,19,51,1,0,18,2,34,18,1,33,48,18,19,17,53,4,36,22,3,0,52,51,34,81,65,96,35,2,32,7,55,34,17,22,33,21,36,1,18,50,19,16,49,3,3,34,50,2,33,35,0,48,49,18,0,624,624,624,624,624,624,624,624,624,624,624,624,624,624,624,624,624,624,624,624
624,624,624,624,624,624,624,624,624,624,624,624,624,624,624,624,624,18,16,19,32,34,6,3,32,3,2,32,1,34,16,32,0,16,3,50,19,51,16,34,20,21,55,49,50,35,17,65,80,96,64,17,19,5,52,35,19,54,52,48,37,2,18,18,50,17,3,33,48,17,34,50,34,18,18,49,33,33,48,2,624,624,624,624,624,624,624,624,624,624,624,624,624,624,624,624,624,624,624,624
624,624,624,624,624,624,624,624,624,624,624,624,624,624,624,624,624,624,16,2,19,18,4,54,16,16,16,1,49,18,50,0,48,1,51,51,16,32,34,0,2,51,20,0,3,48,17,81,80,96,80,34,3,18,2,0,19,21,1,23,32,33,2,0,33,16,50,3,35,3,0,18,34,33,32,35,0,49,19,48,624,624,624,624,624,624,624,624,624,624,624,624,624,624,624,624,624,624,624,624
624,624,624,624,624,624,624,624,624,624,624,624,624,624,624,624,624,624,624,16,18,33,33,22,6,35,17,48,17,1,2,1,3,2,35,32,32,48,32,1,34,19,50,2,50,50,35,80,65,96,0,0,33,2,2,19,34,3,4,7,51,2,16,0,18,34,33,1,16,33,0,34,51,1,51,33,33,32,48,624,624,624,624,624,624,624,624,624,624,624,624,624,624,624,624,624,624,624,624,624
624,624,624,624,624,624,624,624,624,624,624,624,624,624,624,624,624,624,624,624,16,33,50,17,37,37,51,0,18,3,0,19,1,18,35,50,18,34,19,34,2,34,1,51,17,16,80,96,65,96,80,50,49,50,33,17,50,18,4,16,16,18,35,16,51,19,18,48,33,32,49,34,34,0,0,34,34,17,33,624,624,624,624,624,624,624,624,624,624,624,624,624,624,624,624,624,624,624,624,624
624,624,624,624,624,624,624,624,624,624,624,624,624,624,624,624,624,624,624,624,624,17,17,33,50,52,20,16,7,7,21,4,39,21,37,37,4,7,36,3,17,51,1,35,0,18,97,65,65,97,65,96,3,32,16,1,35,18,50,34,35,17,2,48,33,33,50,33,49,51,33,34,17,35,50,33,2,35,624,624,624,624,624,624,624,624,624,624,624,624,624,624,624,624,624,624,624,624,624,624
624,624,624,624,624,624,624,624,624,624,624,624,624,624,624,624,624,624,624,624,624,624,16,18,34,48,33,21,38,19,51,19,32,2,17,34,35,33,0,18,19,49,34,51,2,65,81,96,64,97,81,64,1,17,3,35,32,16,35,51,32,34,18,1,50,51,19,18,2,33,0,49,19,50,624,624,624,624,624,624,624,624,624,624,624,624,624,624,624,624,624,624,624,624,624,624,624,624,624,624
624,624,624,624,624,624,624,624,624,624,624,624,624,624,624,624,624,624,624,624,624,624,624,624,19,34,2,0,35,2,17,2,48,1,18,50,35,21,38,37,38,38,17,19,51,51,65,18,96,97,34,51,50,2,35,19,3,18,2,33,0,48,16,32,34,0,50,0,32,16,624,624,624,624,624,624,624,624,624,624,624,624,624,624,624,624,624,624,624,624,624,624,624,624,624,624,624,624,624,624
624,624,624,624,624,624,624,624,624,624,624,624,624,624,624,624,624,624,624,624,624,624,624,624,624,624,624,624,624,16,32,3,51,2,32,34,39,36,33,33,1,34,49,34,35,1,35,50,35,32,3,32,32,32,50,33,18,17,1,16,35,3,32,0,19,16,624,624,624,624,624,624,624,624,624,624,624,624,624,624,624,624,624,624,624,624,624,624,624,624,624,624,624,624,624,624,624,624,624,624
624,624,624,624,624,624,624,624,624,624,624,624,624,624,624,624,624,624,624,624,624,624,624,624,624,624,624,624,624,624,624,624,624,624,624,624,624,624,0,3,49,2,33,34,35,0,2,34,51,49,35,1,48,51,0,16,19,32,32,50,19,18,16,624,624,624,624,624,624,624,624,624,624,624,624,624,624,624,624,624,624,624,624,624,624,624,624,624,624,624,624,624,624,624,624,624,624,624,624,624
624,624,624,624,624,624,624,624,624,624,624,624,624,624,624,624,624,624,624,624,624,624,624,624,624,624,624,624,624,624,624,624,624,624,624,624,624,624,624,624,624,624,624,624,624,49,1,1,3,35,17,34,51,32,32,624,624,624,624,624,624,624,624,624,624,624,624,624,624,624,624,624,624,624,624,624,624,624,624,624,624,624,624,624,624,624,624,624,624,624,624,624,624,624,624,624,624,624,624,624
624,624,624,624,624,624,624,624,624,624,624,624,624,624,624,624,624,624,624,624,624,624,624,624,624,624,624,624,624,624,624,624,624,624,624,624,624,624,624,624,624,624,624,624,624,624,624,624,624,624,16,624,624,624,624,624,624,624,624,624,624,624,624,624,624,624,624,624,624,624,624,624,624,624,624,624,624,624,624,624,624,624,624,624,624,624,624,624,624,624,624,624,624,624,624,624,624,624,624,624
624,624,624,624,624,624,624,624,624,624,624,624,624,624,624,624,624,624,624,624,624,624,624,624,624,624,624,624,624,624,624,624,624,624,624,624,624,624,624,624,624,624,624,624,624,624,624,624,624,624,624,624,624,624,624,624,624,624,624,624,624,624,624,624,624,624,624,624,624,624,624,624,624,624,624,624,624,624,624,624,624,624,624,624,624,624,624,624,624,624,624,624,624,624,624,624,624,624,624,624
624,624,624,624,624,624,624,624,624,624,624,624,624,624,624,624,624,624,624,624,624,624,624,624,624,624,624,624,624,624,624,624,624,624,624,624,624,624,624,624,624,624,624,624,624,624,624,624,624,624,624,624,624,624,624,624,624,624,624,624,624,624,624,624,624,624,624,624,624,624,624,624,624,624,624,624,624,624,624,624,624,624,624,624,624,624,624,624,624,624,624,624,624,624,624,624,624,624,624,624
624,624,624,624,624,624,624,624,624,624,624,624,624,624,624,624,624,624,624,624,624,624,624,624,624,624,624,624,624,624,624,624,624,624,624,624,624,624,624,624,624,624,624,624,624,624,624,624,624,624,624,624,624,624,624,624,624,624,624,624,624,624,624,624,624,624,624,624,624,624,624,624,624,624,624,624,624,624,624,624,624,624,624,624,624,624,624,624,624,624,624,624,624,624,624,624,624,624,624,624
624,624,624,624,624,624,624,624,624,624,624,624,624,624,624,624,624,624,624,624,624,624,624,624,624,624,624,624,624,624,624,624,624,624,624,624,624,624,624,624,624,624,624,624,624,624,624,624,624,624,624,624,624,624,624,624,624,624,624,624,624,624,624,624,624,624,624,624,624,624,624,624,624,624,624,624,624,624,624,624,624,624,624,624,624,624,624,624,624,624,624,624,624,624,624,624,624,624,624,624
624,624,624,624,624,624,624,624,624,624,624,624,624,624,624,624,624,624,624,624,624,624,624,624,624,624,624,624,624,624,624,624,624,624,624,624,624,624,624,624,624,624,624,624,624,624,624,624,624,624,624,624,624,624,624,624,624,624,624,624,624,624,624,624,624,624,624,624,624,624,624,624,624,624,624,624,624,624,624,624,624,624,624,624,624,624,624,624,624,624,624,624,624,624,624,624,624,624,624,624
624,624,624,624,624,624,624,624,624,624,624,624,624,624,624,624,624,624,624,624,624,624,624,624,624,624,624,624,624,624,624,624,624,624,624,624,624,624,624,624,624,624,624,624,624,624,624,624,624,624,624,624,624,624,624,624,624,624,624,624,624,624,624,624,624,624,624,624,624,624,624,624,624,624,624,624,624,624,624,624,624,624,624,624,624,624,624,624,624,624,624,624,624,624,624,624,624,624,624,624
624,624,624,624,624,624,624,624,624,624,624,624,624,624,624,624,624,624,624,624,624,624,624,624,624,624,624,624,624,624,624,624,624,624,624,624,624,624,624,624,624,624,624,624,624,624,624,624,624,624,624,624,624,624,624,624,624,624,624,624,624,624,624,624,624,624,624,624,624,624,624,624,624,624,624,624,624,624,624,624,624,624,624,624,624,624,624,624,624,624,624,624,624,624,624,624,624,624,624,624
624,624,624,624,624,624,624,624,624,624,624,624,624,624,624,624,624,624,624,624,624,624,624,624,624,624,624,624,624,624,624,624,624,624,624,624,624,624,624,624,624,624,624,624,624,624,624,624,624,624,624,624,624,624,624,624,624,624,624,624,624,624,624,624,624,624,624,624,624,624,624,624,624,624,624,624,624,624,624,624,624,624,624,624,624,624,624,624,624,624,624,624,624,624,624,624,624,624,624,624
624,624,624,624,624,624,624,624,624,624,624,624,624,624,624,624,624,624,624,624,624,624,624,624,624,624,624,624,624,624,624,624,624,624,624,624,624,624,624,624,624,624,624,624,624,624,624,624,624,624,624,624,624,624,624,624,624,624,624,624,624,624,624,624,624,624,624,624,624,624,624,624,624,624,624,624,624,624,624,624,624,624,624,624,624,624,624,624,624,624,624,624,624,624,624,624,624,624,624,624
624,624,624,624,624,624,624,624,624,624,624,624,624,624,624,624,624,624,624,624,624,624,624,624,624,624,624,624,624,624,624,624,624,624,624,624,624,624,624,624,624,624,624,624,624,624,624,624,624,624,624,624,624,624,624,624,624,624,624,624,624,624,624,624,624,624,624,624,624,624,624,624,624,624,624,624,624,624,624,624,624,624,624,624,624,624,624,624,624,624,624,624,624,624,624,624,624,624,624,624
